node_id,cycle_participation,chain_length_mean,revisit_hist_0,revisit_hist_1,revisit_hist_2,revisit_hist_3,revisit_hist_4,revisit_hist_5,revisit_hist_6,revisit_hist_7,revisit_hist_8,walk_valid_mask
0,0.046875,8.65625,0.734375,0.203125,0.046875,0.015625,0.0,0.0,0.0,0.0,0.0,1.0
1,0.046875,8.78125,0.796875,0.1875,0.015625,0.0,0.0,0.0,0.0,0.0,0.0,1.0
2,0.03125,8.6875,0.703125,0.28125,0.015625,0.0,0.0,0.0,0.0,0.0,0.0,1.0
3,0.03125,8.640625,0.703125,0.234375,0.0625,0.0,0.0,0.0,0.0,0.0,0.0,1.0
4,0.0,8.71875,0.75,0.21875,0.03125,0.0,0.0,0.0,0.0,0.0,0.0,1.0
5,0.015625,8.71875,0.75,0.234375,0.0,0.015625,0.0,0.0,0.0,0.0,0.0,1.0
6,0.046875,8.359375,0.625,0.1875,0.125,0.046875,0.015625,0.0,0.0,0.0,0.0,1.0
7,0.015625,8.796875,0.84375,0.109375,0.046875,0.0,0.0,0.0,0.0,0.0,0.0,1.0
8,0.09375,8.625,0.703125,0.25,0.015625,0.03125,0.0,0.0,0.0,0.0,0.0,1.0
9,0.046875,8.625,0.65625,0.3125,0.03125,0.0,0.0,0.0,0.0,0.0,0.0,1.0
10,1.0,1.0,0.0,0.0,0.0,0.0,0.0,0.0,0.0,0.0,1.0,0.0
11,0.0,8.875,0.90625,0.0625,0.03125,0.0,0.0,0.0,0.0,0.0,0.0,1.0
12,0.015625,8.75,0.78125,0.1875,0.03125,0.0,0.0,0.0,0.0,0.0,0.0,1.0
13,0.015625,8.828125,0.84375,0.140625,0.015625,0.0,0.0,0.0,0.0,0.0,0.0,1.0
14,0.046875,8.75,0.765625,0.21875,0.015625,0.0,0.0,0.0,0.0,0.0,0.0,1.0
15,0.078125,8.578125,0.71875,0.1875,0.046875,0.046875,0.0,0.0,0.0,0.0,0.0,1.0
16,0.03125,8.8125,0.84375,0.125,0.03125,0.0,0.0,0.0,0.0,0.0,0.0,1.0
17,0.046875,8.75,0.796875,0.15625,0.046875,0.0,0.0,0.0,0.0,0.0,0.0,1.0
18,0.0,8.78125,0.78125,0.21875,0.0,0.0,0.0,0.0,0.0,0.0,0.0,1.0
19,0.0,8.765625,0.8125,0.140625,0.046875,0.0,0.0,0.0,0.0,0.0,0.0,1.0
20,0.8125,5.046875,0.09375,0.078125,0.0625,0.046875,0.015625,0.671875,0.03125,0.0,0.0,1.0
21,0.0,8.875,0.875,0.125,0.0,0.0,0.0,0.0,0.0,0.0,0.0,1.0
22,0.0625,8.75,0.765625,0.21875,0.015625,0.0,0.0,0.0,0.0,0.0,0.0,1.0
23,0.046875,8.78125,0.78125,0.21875,0.0,0.0,0.0,0.0,0.0,0.0,0.0,1.0
24,1.0,1.0,0.0,0.0,0.0,0.0,0.0,0.0,0.0,0.0,1.0,0.0
25,0.015625,8.6875,0.71875,0.25,0.03125,0.0,0.0,0.0,0.0,0.0,0.0,1.0
26,0.0625,8.625,0.671875,0.28125,0.046875,0.0,0.0,0.0,0.0,0.0,0.0,1.0
27,0.0,8.84375,0.859375,0.125,0.015625,0.0,0.0,0.0,0.0,0.0,0.0,1.0
28,0.015625,8.71875,0.75,0.21875,0.03125,0.0,0.0,0.0,0.0,0.0,0.0,1.0
29,0.078125,8.671875,0.765625,0.15625,0.0625,0.015625,0.0,0.0,0.0,0.0,0.0,1.0
30,0.0625,8.75,0.796875,0.171875,0.015625,0.015625,0.0,0.0,0.0,0.0,0.0,1.0
31,0.0,8.8125,0.828125,0.15625,0.015625,0.0,0.0,0.0,0.0,0.0,0.0,1.0
32,0.046875,8.71875,0.734375,0.25,0.015625,0.0,0.0,0.0,0.0,0.0,0.0,1.0
33,0.15625,8.40625,0.5625,0.3125,0.109375,0.0,0.015625,0.0,0.0,0.0,0.0,1.0
34,0.046875,8.671875,0.703125,0.265625,0.03125,0.0,0.0,0.0,0.0,0.0,0.0,1.0
35,0.0,8.8125,0.84375,0.140625,0.0,0.015625,0.0,0.0,0.0,0.0,0.0,1.0
36,0.09375,8.5625,0.6875,0.203125,0.09375,0.015625,0.0,0.0,0.0,0.0,0.0,1.0
37,0.015625,8.765625,0.78125,0.203125,0.015625,0.0,0.0,0.0,0.0,0.0,0.0,1.0
38,0.0,8.671875,0.71875,0.234375,0.046875,0.0,0.0,0.0,0.0,0.0,0.0,1.0
39,0.015625,8.75,0.78125,0.1875,0.03125,0.0,0.0,0.0,0.0,0.0,0.0,1.0
40,0.015625,8.828125,0.828125,0.171875,0.0,0.0,0.0,0.0,0.0,0.0,0.0,1.0
41,0.0,8.875,0.875,0.125,0.0,0.0,0.0,0.0,0.0,0.0,0.0,1.0
42,0.0,8.828125,0.84375,0.140625,0.015625,0.0,0.0,0.0,0.0,0.0,0.0,1.0
43,1.0,1.0,0.0,0.0,0.0,0.0,0.0,0.0,0.0,0.0,1.0,0.0
44,0.046875,8.640625,0.671875,0.296875,0.03125,0.0,0.0,0.0,0.0,0.0,0.0,1.0
45,0.046875,8.671875,0.71875,0.234375,0.046875,0.0,0.0,0.0,0.0,0.0,0.0,1.0
46,0.078125,8.359375,0.5,0.390625,0.078125,0.03125,0.0,0.0,0.0,0.0,0.0,1.0
47,0.046875,8.703125,0.734375,0.234375,0.03125,0.0,0.0,0.0,0.0,0.0,0.0,1.0
48,0.046875,8.625,0.71875,0.1875,0.09375,0.0,0.0,0.0,0.0,0.0,0.0,1.0
49,0.03125,8.703125,0.734375,0.25,0.0,0.015625,0.0,0.0,0.0,0.0,0.0,1.0
50,0.046875,8.625,0.671875,0.28125,0.046875,0.0,0.0,0.0,0.0,0.0,0.0,1.0
51,0.03125,8.609375,0.6875,0.25,0.046875,0.015625,0.0,0.0,0.0,0.0,0.0,1.0
52,0.046875,8.765625,0.796875,0.171875,0.03125,0.0,0.0,0.0,0.0,0.0,0.0,1.0
53,0.015625,8.6875,0.765625,0.15625,0.078125,0.0,0.0,0.0,0.0,0.0,0.0,1.0
54,0.046875,8.671875,0.71875,0.234375,0.046875,0.0,0.0,0.0,0.0,0.0,0.0,1.0
55,0.03125,8.78125,0.796875,0.1875,0.015625,0.0,0.0,0.0,0.0,0.0,0.0,1.0
56,0.09375,8.46875,0.640625,0.203125,0.140625,0.015625,0.0,0.0,0.0,0.0,0.0,1.0
57,0.015625,8.703125,0.75,0.21875,0.015625,0.015625,0.0,0.0,0.0,0.0,0.0,1.0
58,0.0,8.78125,0.84375,0.109375,0.03125,0.015625,0.0,0.0,0.0,0.0,0.0,1.0
59,0.078125,8.609375,0.625,0.359375,0.015625,0.0,0.0,0.0,0.0,0.0,0.0,1.0
60,0.03125,8.625,0.6875,0.25,0.0625,0.0,0.0,0.0,0.0,0.0,0.0,1.0
61,0.03125,8.765625,0.78125,0.203125,0.015625,0.0,0.0,0.0,0.0,0.0,0.0,1.0
62,0.03125,8.578125,0.6875,0.21875,0.078125,0.015625,0.0,0.0,0.0,0.0,0.0,1.0
63,0.0625,8.703125,0.78125,0.15625,0.046875,0.015625,0.0,0.0,0.0,0.0,0.0,1.0
64,0.0625,8.625,0.703125,0.234375,0.046875,0.015625,0.0,0.0,0.0,0.0,0.0,1.0
65,0.109375,8.5,0.703125,0.140625,0.125,0.015625,0.015625,0.0,0.0,0.0,0.0,1.0
66,0.078125,8.65625,0.71875,0.21875,0.0625,0.0,0.0,0.0,0.0,0.0,0.0,1.0
67,0.28125,7.96875,0.421875,0.328125,0.125,0.0625,0.046875,0.015625,0.0,0.0,0.0,1.0
68,0.0625,8.671875,0.6875,0.296875,0.015625,0.0,0.0,0.0,0.0,0.0,0.0,1.0
69,0.046875,8.765625,0.828125,0.109375,0.0625,0.0,0.0,0.0,0.0,0.0,0.0,1.0
70,0.484375,7.625,0.375,0.21875,0.1875,0.125,0.0625,0.03125,0.0,0.0,0.0,1.0
71,0.015625,8.75,0.765625,0.21875,0.015625,0.0,0.0,0.0,0.0,0.0,0.0,1.0
72,0.03125,8.65625,0.6875,0.296875,0.0,0.015625,0.0,0.0,0.0,0.0,0.0,1.0
73,0.15625,8.5625,0.640625,0.28125,0.078125,0.0,0.0,0.0,0.0,0.0,0.0,1.0
74,0.125,8.3125,0.515625,0.375,0.03125,0.0625,0.015625,0.0,0.0,0.0,0.0,1.0
75,0.0625,8.71875,0.734375,0.25,0.015625,0.0,0.0,0.0,0.0,0.0,0.0,1.0
76,0.046875,8.734375,0.75,0.234375,0.015625,0.0,0.0,0.0,0.0,0.0,0.0,1.0
77,0.015625,8.75,0.78125,0.1875,0.03125,0.0,0.0,0.0,0.0,0.0,0.0,1.0
78,0.03125,8.8125,0.8125,0.1875,0.0,0.0,0.0,0.0,0.0,0.0,0.0,1.0
79,0.015625,8.8125,0.828125,0.15625,0.015625,0.0,0.0,0.0,0.0,0.0,0.0,1.0
80,0.0,8.75,0.75,0.25,0.0,0.0,0.0,0.0,0.0,0.0,0.0,1.0
81,0.078125,8.71875,0.75,0.21875,0.03125,0.0,0.0,0.0,0.0,0.0,0.0,1.0
82,0.078125,8.765625,0.796875,0.171875,0.03125,0.0,0.0,0.0,0.0,0.0,0.0,1.0
83,0.234375,8.4375,0.609375,0.234375,0.140625,0.015625,0.0,0.0,0.0,0.0,0.0,1.0
84,0.0625,8.5625,0.640625,0.28125,0.078125,0.0,0.0,0.0,0.0,0.0,0.0,1.0
85,0.046875,8.734375,0.734375,0.265625,0.0,0.0,0.0,0.0,0.0,0.0,0.0,1.0
86,0.09375,8.546875,0.609375,0.328125,0.0625,0.0,0.0,0.0,0.0,0.0,0.0,1.0
87,0.0,8.765625,0.78125,0.203125,0.015625,0.0,0.0,0.0,0.0,0.0,0.0,1.0
88,0.0,8.84375,0.859375,0.125,0.015625,0.0,0.0,0.0,0.0,0.0,0.0,1.0
89,0.0,8.890625,0.890625,0.109375,0.0,0.0,0.0,0.0,0.0,0.0,0.0,1.0
90,0.015625,8.734375,0.765625,0.203125,0.03125,0.0,0.0,0.0,0.0,0.0,0.0,1.0
91,0.046875,8.65625,0.734375,0.21875,0.03125,0.0,0.015625,0.0,0.0,0.0,0.0,1.0
92,0.109375,8.5,0.59375,0.34375,0.03125,0.03125,0.0,0.0,0.0,0.0,0.0,1.0
93,0.03125,8.9375,0.9375,0.0625,0.0,0.0,0.0,0.0,0.0,0.0,0.0,1.0
94,0.015625,8.828125,0.859375,0.109375,0.03125,0.0,0.0,0.0,0.0,0.0,0.0,1.0
95,0.0,8.859375,0.859375,0.140625,0.0,0.0,0.0,0.0,0.0,0.0,0.0,1.0
96,1.0,1.0,0.0,0.0,0.0,0.0,0.0,0.0,0.0,0.0,1.0,0.0
97,0.015625,8.84375,0.84375,0.15625,0.0,0.0,0.0,0.0,0.0,0.0,0.0,1.0
98,0.0,8.84375,0.859375,0.125,0.015625,0.0,0.0,0.0,0.0,0.0,0.0,1.0
99,0.015625,8.734375,0.78125,0.1875,0.015625,0.015625,0.0,0.0,0.0,0.0,0.0,1.0
100,0.0,8.765625,0.78125,0.203125,0.015625,0.0,0.0,0.0,0.0,0.0,0.0,1.0
101,0.046875,8.796875,0.8125,0.171875,0.015625,0.0,0.0,0.0,0.0,0.0,0.0,1.0
102,0.0625,8.453125,0.5625,0.34375,0.078125,0.015625,0.0,0.0,0.0,0.0,0.0,1.0
103,0.109375,8.515625,0.625,0.265625,0.109375,0.0,0.0,0.0,0.0,0.0,0.0,1.0
104,0.03125,8.703125,0.75,0.203125,0.046875,0.0,0.0,0.0,0.0,0.0,0.0,1.0
105,0.375,8.09375,0.4375,0.34375,0.109375,0.09375,0.015625,0.0,0.0,0.0,0.0,1.0
106,0.03125,8.703125,0.75,0.203125,0.046875,0.0,0.0,0.0,0.0,0.0,0.0,1.0
107,0.0,8.8125,0.8125,0.1875,0.0,0.0,0.0,0.0,0.0,0.0,0.0,1.0
108,0.046875,8.78125,0.8125,0.15625,0.03125,0.0,0.0,0.0,0.0,0.0,0.0,1.0
109,0.0,8.921875,0.921875,0.078125,0.0,0.0,0.0,0.0,0.0,0.0,0.0,1.0
110,0.015625,8.640625,0.71875,0.21875,0.046875,0.015625,0.0,0.0,0.0,0.0,0.0,1.0
111,0.953125,3.484375,0.0,0.0,0.0,0.0,0.0,0.5,0.484375,0.015625,0.0,1.0
112,0.09375,8.484375,0.609375,0.265625,0.125,0.0,0.0,0.0,0.0,0.0,0.0,1.0
113,0.03125,8.6875,0.765625,0.171875,0.046875,0.015625,0.0,0.0,0.0,0.0,0.0,1.0
114,0.0,8.859375,0.875,0.109375,0.015625,0.0,0.0,0.0,0.0,0.0,0.0,1.0
115,0.0,8.890625,0.890625,0.109375,0.0,0.0,0.0,0.0,0.0,0.0,0.0,1.0
116,0.015625,8.78125,0.8125,0.15625,0.03125,0.0,0.0,0.0,0.0,0.0,0.0,1.0
117,0.140625,8.453125,0.671875,0.171875,0.109375,0.03125,0.015625,0.0,0.0,0.0,0.0,1.0
118,0.0,8.828125,0.828125,0.171875,0.0,0.0,0.0,0.0,0.0,0.0,0.0,1.0
119,0.125,8.625,0.6875,0.265625,0.03125,0.015625,0.0,0.0,0.0,0.0,0.0,1.0
120,0.15625,8.5,0.609375,0.296875,0.078125,0.015625,0.0,0.0,0.0,0.0,0.0,1.0
121,0.015625,8.609375,0.65625,0.3125,0.015625,0.015625,0.0,0.0,0.0,0.0,0.0,1.0
122,0.015625,8.765625,0.78125,0.203125,0.015625,0.0,0.0,0.0,0.0,0.0,0.0,1.0
123,0.03125,8.640625,0.671875,0.296875,0.03125,0.0,0.0,0.0,0.0,0.0,0.0,1.0
124,0.0625,8.6875,0.734375,0.21875,0.046875,0.0,0.0,0.0,0.0,0.0,0.0,1.0
125,0.03125,8.78125,0.78125,0.21875,0.0,0.0,0.0,0.0,0.0,0.0,0.0,1.0
126,0.09375,8.625,0.734375,0.1875,0.0625,0.0,0.015625,0.0,0.0,0.0,0.0,1.0
127,0.0625,8.828125,0.84375,0.140625,0.015625,0.0,0.0,0.0,0.0,0.0,0.0,1.0
128,0.0,8.859375,0.859375,0.140625,0.0,0.0,0.0,0.0,0.0,0.0,0.0,1.0
129,0.109375,8.671875,0.734375,0.21875,0.03125,0.015625,0.0,0.0,0.0,0.0,0.0,1.0
130,0.0,8.875,0.890625,0.09375,0.015625,0.0,0.0,0.0,0.0,0.0,0.0,1.0
131,0.015625,8.78125,0.796875,0.1875,0.015625,0.0,0.0,0.0,0.0,0.0,0.0,1.0
132,0.015625,8.65625,0.765625,0.15625,0.046875,0.03125,0.0,0.0,0.0,0.0,0.0,1.0
133,0.0625,8.609375,0.703125,0.21875,0.0625,0.015625,0.0,0.0,0.0,0.0,0.0,1.0
134,0.03125,8.46875,0.578125,0.3125,0.109375,0.0,0.0,0.0,0.0,0.0,0.0,1.0
135,0.171875,8.359375,0.484375,0.40625,0.09375,0.015625,0.0,0.0,0.0,0.0,0.0,1.0
136,0.015625,8.609375,0.703125,0.21875,0.0625,0.015625,0.0,0.0,0.0,0.0,0.0,1.0
137,0.0,8.890625,0.90625,0.078125,0.015625,0.0,0.0,0.0,0.0,0.0,0.0,1.0
138,0.09375,8.453125,0.578125,0.3125,0.09375,0.015625,0.0,0.0,0.0,0.0,0.0,1.0
139,0.015625,8.734375,0.765625,0.203125,0.03125,0.0,0.0,0.0,0.0,0.0,0.0,1.0
140,0.0,8.890625,0.90625,0.078125,0.015625,0.0,0.0,0.0,0.0,0.0,0.0,1.0
141,0.046875,8.640625,0.671875,0.296875,0.03125,0.0,0.0,0.0,0.0,0.0,0.0,1.0
142,0.015625,8.640625,0.703125,0.234375,0.0625,0.0,0.0,0.0,0.0,0.0,0.0,1.0
143,1.0,1.0,0.0,0.0,0.0,0.0,0.0,0.0,0.0,0.0,1.0,0.0
144,0.046875,8.765625,0.78125,0.203125,0.015625,0.0,0.0,0.0,0.0,0.0,0.0,1.0
145,0.015625,8.734375,0.765625,0.203125,0.03125,0.0,0.0,0.0,0.0,0.0,0.0,1.0
146,0.078125,8.75,0.75,0.25,0.0,0.0,0.0,0.0,0.0,0.0,0.0,1.0
147,0.109375,8.75,0.8125,0.125,0.0625,0.0,0.0,0.0,0.0,0.0,0.0,1.0
148,0.09375,8.65625,0.703125,0.25,0.046875,0.0,0.0,0.0,0.0,0.0,0.0,1.0
149,0.03125,8.71875,0.78125,0.171875,0.03125,0.015625,0.0,0.0,0.0,0.0,0.0,1.0
150,0.046875,8.703125,0.765625,0.1875,0.03125,0.015625,0.0,0.0,0.0,0.0,0.0,1.0
151,0.09375,8.53125,0.65625,0.234375,0.09375,0.015625,0.0,0.0,0.0,0.0,0.0,1.0
152,0.0,8.78125,0.78125,0.21875,0.0,0.0,0.0,0.0,0.0,0.0,0.0,1.0
153,0.046875,8.828125,0.828125,0.171875,0.0,0.0,0.0,0.0,0.0,0.0,0.0,1.0
154,0.0625,8.453125,0.609375,0.25,0.125,0.015625,0.0,0.0,0.0,0.0,0.0,1.0
155,0.015625,8.71875,0.734375,0.25,0.015625,0.0,0.0,0.0,0.0,0.0,0.0,1.0
156,0.03125,8.828125,0.84375,0.140625,0.015625,0.0,0.0,0.0,0.0,0.0,0.0,1.0
157,0.046875,8.703125,0.78125,0.15625,0.046875,0.015625,0.0,0.0,0.0,0.0,0.0,1.0
158,0.0625,8.71875,0.75,0.21875,0.03125,0.0,0.0,0.0,0.0,0.0,0.0,1.0
159,0.0625,8.390625,0.5625,0.3125,0.078125,0.046875,0.0,0.0,0.0,0.0,0.0,1.0
160,0.09375,8.484375,0.609375,0.28125,0.09375,0.015625,0.0,0.0,0.0,0.0,0.0,1.0
161,0.03125,8.8125,0.8125,0.1875,0.0,0.0,0.0,0.0,0.0,0.0,0.0,1.0
162,0.109375,8.453125,0.53125,0.390625,0.078125,0.0,0.0,0.0,0.0,0.0,0.0,1.0
163,0.0,8.90625,0.90625,0.09375,0.0,0.0,0.0,0.0,0.0,0.0,0.0,1.0
164,0.03125,8.640625,0.703125,0.234375,0.0625,0.0,0.0,0.0,0.0,0.0,0.0,1.0
165,0.421875,7.71875,0.34375,0.25,0.25,0.109375,0.03125,0.015625,0.0,0.0,0.0,1.0
166,0.015625,8.90625,0.90625,0.09375,0.0,0.0,0.0,0.0,0.0,0.0,0.0,1.0
167,0.09375,8.546875,0.65625,0.234375,0.109375,0.0,0.0,0.0,0.0,0.0,0.0,1.0
168,0.171875,8.59375,0.6875,0.265625,0.0,0.046875,0.0,0.0,0.0,0.0,0.0,1.0
169,0.0625,8.578125,0.625,0.328125,0.046875,0.0,0.0,0.0,0.0,0.0,0.0,1.0
170,0.078125,8.5625,0.703125,0.203125,0.0625,0.015625,0.015625,0.0,0.0,0.0,0.0,1.0
171,0.0,8.75,0.75,0.25,0.0,0.0,0.0,0.0,0.0,0.0,0.0,1.0
172,0.0625,8.515625,0.609375,0.296875,0.09375,0.0,0.0,0.0,0.0,0.0,0.0,1.0
173,0.09375,8.390625,0.578125,0.3125,0.046875,0.046875,0.015625,0.0,0.0,0.0,0.0,1.0
174,0.015625,8.890625,0.90625,0.078125,0.015625,0.0,0.0,0.0,0.0,0.0,0.0,1.0
175,0.109375,8.53125,0.65625,0.28125,0.015625,0.03125,0.015625,0.0,0.0,0.0,0.0,1.0
176,0.015625,8.546875,0.640625,0.265625,0.09375,0.0,0.0,0.0,0.0,0.0,0.0,1.0
177,0.046875,8.59375,0.703125,0.1875,0.109375,0.0,0.0,0.0,0.0,0.0,0.0,1.0
178,0.046875,8.484375,0.640625,0.21875,0.125,0.015625,0.0,0.0,0.0,0.0,0.0,1.0
179,0.0,8.828125,0.828125,0.171875,0.0,0.0,0.0,0.0,0.0,0.0,0.0,1.0
180,0.078125,8.515625,0.640625,0.28125,0.03125,0.046875,0.0,0.0,0.0,0.0,0.0,1.0
181,0.09375,8.640625,0.71875,0.21875,0.046875,0.015625,0.0,0.0,0.0,0.0,0.0,1.0
182,0.03125,8.71875,0.75,0.234375,0.0,0.015625,0.0,0.0,0.0,0.0,0.0,1.0
183,0.0,8.71875,0.75,0.21875,0.03125,0.0,0.0,0.0,0.0,0.0,0.0,1.0
184,0.0,8.984375,0.984375,0.015625,0.0,0.0,0.0,0.0,0.0,0.0,0.0,1.0
185,0.015625,8.734375,0.78125,0.1875,0.015625,0.015625,0.0,0.0,0.0,0.0,0.0,1.0
186,0.0,8.796875,0.828125,0.15625,0.0,0.015625,0.0,0.0,0.0,0.0,0.0,1.0
187,0.078125,8.5625,0.6875,0.21875,0.0625,0.03125,0.0,0.0,0.0,0.0,0.0,1.0
188,0.0625,8.6875,0.734375,0.21875,0.046875,0.0,0.0,0.0,0.0,0.0,0.0,1.0
189,0.046875,8.75,0.765625,0.21875,0.015625,0.0,0.0,0.0,0.0,0.0,0.0,1.0
190,0.03125,8.8125,0.828125,0.15625,0.015625,0.0,0.0,0.0,0.0,0.0,0.0,1.0
191,0.015625,8.90625,0.90625,0.09375,0.0,0.0,0.0,0.0,0.0,0.0,0.0,1.0
192,0.125,8.453125,0.53125,0.390625,0.078125,0.0,0.0,0.0,0.0,0.0,0.0,1.0
193,0.0625,8.703125,0.734375,0.234375,0.03125,0.0,0.0,0.0,0.0,0.0,0.0,1.0
194,0.09375,8.6875,0.765625,0.171875,0.046875,0.015625,0.0,0.0,0.0,0.0,0.0,1.0
195,0.015625,8.71875,0.765625,0.203125,0.015625,0.015625,0.0,0.0,0.0,0.0,0.0,1.0
196,0.078125,8.640625,0.71875,0.203125,0.078125,0.0,0.0,0.0,0.0,0.0,0.0,1.0
197,0.046875,8.625,0.71875,0.21875,0.03125,0.03125,0.0,0.0,0.0,0.0,0.0,1.0
198,0.25,7.890625,0.328125,0.390625,0.15625,0.09375,0.03125,0.0,0.0,0.0,0.0,1.0
199,0.046875,8.765625,0.796875,0.171875,0.03125,0.0,0.0,0.0,0.0,0.0,0.0,1.0
200,0.078125,8.796875,0.828125,0.140625,0.03125,0.0,0.0,0.0,0.0,0.0,0.0,1.0
201,0.078125,8.734375,0.765625,0.203125,0.03125,0.0,0.0,0.0,0.0,0.0,0.0,1.0
202,0.09375,8.609375,0.703125,0.234375,0.03125,0.03125,0.0,0.0,0.0,0.0,0.0,1.0
203,0.0,8.8125,0.890625,0.03125,0.078125,0.0,0.0,0.0,0.0,0.0,0.0,1.0
204,0.0,8.75,0.796875,0.15625,0.046875,0.0,0.0,0.0,0.0,0.0,0.0,1.0
205,0.03125,8.765625,0.8125,0.140625,0.046875,0.0,0.0,0.0,0.0,0.0,0.0,1.0
206,0.03125,8.875,0.875,0.125,0.0,0.0,0.0,0.0,0.0,0.0,0.0,1.0
207,0.03125,8.703125,0.75,0.203125,0.046875,0.0,0.0,0.0,0.0,0.0,0.0,1.0
208,0.046875,8.640625,0.65625,0.328125,0.015625,0.0,0.0,0.0,0.0,0.0,0.0,1.0
209,0.0,8.75,0.765625,0.21875,0.015625,0.0,0.0,0.0,0.0,0.0,0.0,1.0
210,0.0625,8.65625,0.71875,0.21875,0.0625,0.0,0.0,0.0,0.0,0.0,0.0,1.0
211,0.0,8.78125,0.828125,0.140625,0.015625,0.015625,0.0,0.0,0.0,0.0,0.0,1.0
212,0.234375,8.015625,0.46875,0.25,0.15625,0.078125,0.046875,0.0,0.0,0.0,0.0,1.0
213,0.0,8.859375,0.859375,0.140625,0.0,0.0,0.0,0.0,0.0,0.0,0.0,1.0
214,0.0625,8.75,0.796875,0.15625,0.046875,0.0,0.0,0.0,0.0,0.0,0.0,1.0
215,0.015625,8.734375,0.765625,0.203125,0.03125,0.0,0.0,0.0,0.0,0.0,0.0,1.0
216,0.03125,8.625,0.734375,0.171875,0.078125,0.015625,0.0,0.0,0.0,0.0,0.0,1.0
217,0.0625,8.4375,0.609375,0.234375,0.140625,0.015625,0.0,0.0,0.0,0.0,0.0,1.0
218,0.03125,8.859375,0.859375,0.140625,0.0,0.0,0.0,0.0,0.0,0.0,0.0,1.0
219,0.015625,8.890625,0.890625,0.109375,0.0,0.0,0.0,0.0,0.0,0.0,0.0,1.0
220,0.0,8.875,0.890625,0.09375,0.015625,0.0,0.0,0.0,0.0,0.0,0.0,1.0
221,0.09375,8.5,0.609375,0.3125,0.046875,0.03125,0.0,0.0,0.0,0.0,0.0,1.0
222,0.421875,8.046875,0.46875,0.25,0.203125,0.015625,0.0625,0.0,0.0,0.0,0.0,1.0
223,0.015625,8.765625,0.765625,0.234375,0.0,0.0,0.0,0.0,0.0,0.0,0.0,1.0
224,0.0625,8.671875,0.6875,0.296875,0.015625,0.0,0.0,0.0,0.0,0.0,0.0,1.0
225,0.046875,8.75,0.796875,0.15625,0.046875,0.0,0.0,0.0,0.0,0.0,0.0,1.0
226,0.015625,8.71875,0.765625,0.1875,0.046875,0.0,0.0,0.0,0.0,0.0,0.0,1.0
227,0.0,8.828125,0.84375,0.140625,0.015625,0.0,0.0,0.0,0.0,0.0,0.0,1.0
228,0.015625,8.59375,0.640625,0.3125,0.046875,0.0,0.0,0.0,0.0,0.0,0.0,1.0
229,0.09375,8.578125,0.65625,0.28125,0.046875,0.015625,0.0,0.0,0.0,0.0,0.0,1.0
230,1.0,1.0,0.0,0.0,0.0,0.0,0.0,0.0,0.0,0.0,1.0,0.0
231,0.03125,8.734375,0.734375,0.265625,0.0,0.0,0.0,0.0,0.0,0.0,0.0,1.0
232,0.03125,8.640625,0.75,0.1875,0.03125,0.015625,0.015625,0.0,0.0,0.0,0.0,1.0
233,0.078125,8.609375,0.671875,0.265625,0.0625,0.0,0.0,0.0,0.0,0.0,0.0,1.0
234,0.046875,8.5625,0.578125,0.40625,0.015625,0.0,0.0,0.0,0.0,0.0,0.0,1.0
235,0.03125,8.734375,0.75,0.234375,0.015625,0.0,0.0,0.0,0.0,0.0,0.0,1.0
236,0.015625,8.734375,0.734375,0.265625,0.0,0.0,0.0,0.0,0.0,0.0,0.0,1.0
237,0.046875,8.703125,0.765625,0.1875,0.03125,0.015625,0.0,0.0,0.0,0.0,0.0,1.0
238,0.0625,8.8125,0.84375,0.125,0.03125,0.0,0.0,0.0,0.0,0.0,0.0,1.0
239,0.0625,8.640625,0.671875,0.296875,0.03125,0.0,0.0,0.0,0.0,0.0,0.0,1.0
240,0.0,8.8125,0.828125,0.15625,0.015625,0.0,0.0,0.0,0.0,0.0,0.0,1.0
241,0.015625,8.828125,0.828125,0.171875,0.0,0.0,0.0,0.0,0.0,0.0,0.0,1.0
242,0.046875,8.875,0.890625,0.09375,0.015625,0.0,0.0,0.0,0.0,0.0,0.0,1.0
243,0.046875,8.515625,0.59375,0.34375,0.046875,0.015625,0.0,0.0,0.0,0.0,0.0,1.0
244,0.0,8.875,0.875,0.125,0.0,0.0,0.0,0.0,0.0,0.0,0.0,1.0
245,0.03125,8.796875,0.828125,0.140625,0.03125,0.0,0.0,0.0,0.0,0.0,0.0,1.0
246,0.0,8.765625,0.765625,0.234375,0.0,0.0,0.0,0.0,0.0,0.0,0.0,1.0
247,0.078125,8.375,0.59375,0.265625,0.078125,0.046875,0.015625,0.0,0.0,0.0,0.0,1.0
248,0.0,8.84375,0.84375,0.15625,0.0,0.0,0.0,0.0,0.0,0.0,0.0,1.0
249,0.0625,8.625,0.75,0.140625,0.09375,0.015625,0.0,0.0,0.0,0.0,0.0,1.0
250,0.0,8.78125,0.796875,0.1875,0.015625,0.0,0.0,0.0,0.0,0.0,0.0,1.0
251,0.078125,8.28125,0.484375,0.359375,0.109375,0.046875,0.0,0.0,0.0,0.0,0.0,1.0
252,0.046875,8.640625,0.671875,0.296875,0.03125,0.0,0.0,0.0,0.0,0.0,0.0,1.0
253,0.140625,8.640625,0.71875,0.21875,0.046875,0.015625,0.0,0.0,0.0,0.0,0.0,1.0
254,0.0,8.59375,0.703125,0.234375,0.046875,0.0,0.0,0.015625,0.0,0.0,0.0,1.0
255,0.015625,8.71875,0.75,0.21875,0.03125,0.0,0.0,0.0,0.0,0.0,0.0,1.0
256,1.0,1.0,0.0,0.0,0.0,0.0,0.0,0.0,0.0,0.0,1.0,0.0
257,0.125,8.625,0.703125,0.21875,0.078125,0.0,0.0,0.0,0.0,0.0,0.0,1.0
258,0.015625,8.375,0.5625,0.296875,0.09375,0.046875,0.0,0.0,0.0,0.0,0.0,1.0
259,0.015625,8.859375,0.859375,0.140625,0.0,0.0,0.0,0.0,0.0,0.0,0.0,1.0
260,0.078125,8.40625,0.5,0.40625,0.09375,0.0,0.0,0.0,0.0,0.0,0.0,1.0
261,0.03125,8.6875,0.734375,0.21875,0.046875,0.0,0.0,0.0,0.0,0.0,0.0,1.0
262,0.015625,8.671875,0.703125,0.265625,0.03125,0.0,0.0,0.0,0.0,0.0,0.0,1.0
263,0.015625,8.8125,0.84375,0.140625,0.0,0.015625,0.0,0.0,0.0,0.0,0.0,1.0
264,0.015625,8.921875,0.921875,0.078125,0.0,0.0,0.0,0.0,0.0,0.0,0.0,1.0
265,0.03125,8.84375,0.84375,0.15625,0.0,0.0,0.0,0.0,0.0,0.0,0.0,1.0
266,0.046875,8.5,0.640625,0.234375,0.109375,0.015625,0.0,0.0,0.0,0.0,0.0,1.0
267,0.046875,8.578125,0.71875,0.1875,0.0625,0.015625,0.015625,0.0,0.0,0.0,0.0,1.0
268,0.125,7.578125,0.328125,0.265625,0.203125,0.109375,0.0625,0.015625,0.015625,0.0,0.0,1.0
269,0.03125,8.71875,0.78125,0.1875,0.015625,0.0,0.015625,0.0,0.0,0.0,0.0,1.0
270,0.0,8.734375,0.78125,0.1875,0.015625,0.015625,0.0,0.0,0.0,0.0,0.0,1.0
271,0.046875,8.515625,0.625,0.28125,0.078125,0.015625,0.0,0.0,0.0,0.0,0.0,1.0
272,1.0,1.0,0.0,0.0,0.0,0.0,0.0,0.0,0.0,0.0,1.0,0.0
273,0.03125,8.59375,0.671875,0.25,0.078125,0.0,0.0,0.0,0.0,0.0,0.0,1.0
274,0.0625,8.609375,0.71875,0.171875,0.109375,0.0,0.0,0.0,0.0,0.0,0.0,1.0
275,0.1875,8.46875,0.640625,0.234375,0.09375,0.015625,0.015625,0.0,0.0,0.0,0.0,1.0
276,0.078125,8.578125,0.625,0.328125,0.046875,0.0,0.0,0.0,0.0,0.0,0.0,1.0
277,0.09375,8.453125,0.578125,0.296875,0.125,0.0,0.0,0.0,0.0,0.0,0.0,1.0
278,0.046875,8.75,0.78125,0.203125,0.0,0.015625,0.0,0.0,0.0,0.0,0.0,1.0
279,0.0,8.921875,0.921875,0.078125,0.0,0.0,0.0,0.0,0.0,0.0,0.0,1.0
280,0.078125,8.609375,0.6875,0.28125,0.0,0.015625,0.015625,0.0,0.0,0.0,0.0,1.0
281,0.0,8.890625,0.90625,0.078125,0.015625,0.0,0.0,0.0,0.0,0.0,0.0,1.0
282,0.0625,8.5,0.703125,0.125,0.140625,0.03125,0.0,0.0,0.0,0.0,0.0,1.0
283,0.0625,8.625,0.703125,0.234375,0.046875,0.015625,0.0,0.0,0.0,0.0,0.0,1.0
284,0.0,8.71875,0.75,0.21875,0.03125,0.0,0.0,0.0,0.0,0.0,0.0,1.0
285,0.03125,8.859375,0.875,0.109375,0.015625,0.0,0.0,0.0,0.0,0.0,0.0,1.0
286,0.078125,8.671875,0.75,0.1875,0.046875,0.015625,0.0,0.0,0.0,0.0,0.0,1.0
287,0.015625,8.796875,0.796875,0.203125,0.0,0.0,0.0,0.0,0.0,0.0,0.0,1.0
288,0.03125,8.921875,0.921875,0.078125,0.0,0.0,0.0,0.0,0.0,0.0,0.0,1.0
289,0.109375,8.625,0.703125,0.234375,0.046875,0.015625,0.0,0.0,0.0,0.0,0.0,1.0
290,0.03125,8.75,0.765625,0.21875,0.015625,0.0,0.0,0.0,0.0,0.0,0.0,1.0
291,0.0625,8.625,0.734375,0.171875,0.078125,0.015625,0.0,0.0,0.0,0.0,0.0,1.0
292,0.03125,8.875,0.890625,0.09375,0.015625,0.0,0.0,0.0,0.0,0.0,0.0,1.0
293,0.0,8.890625,0.890625,0.109375,0.0,0.0,0.0,0.0,0.0,0.0,0.0,1.0
294,0.0,8.921875,0.921875,0.078125,0.0,0.0,0.0,0.0,0.0,0.0,0.0,1.0
295,0.015625,8.828125,0.84375,0.140625,0.015625,0.0,0.0,0.0,0.0,0.0,0.0,1.0
296,0.015625,8.859375,0.859375,0.140625,0.0,0.0,0.0,0.0,0.0,0.0,0.0,1.0
297,0.046875,8.75,0.796875,0.15625,0.046875,0.0,0.0,0.0,0.0,0.0,0.0,1.0
298,0.234375,8.15625,0.5625,0.1875,0.171875,0.03125,0.015625,0.03125,0.0,0.0,0.0,1.0
299,0.046875,8.5,0.640625,0.25,0.078125,0.03125,0.0,0.0,0.0,0.0,0.0,1.0
300,0.015625,8.890625,0.90625,0.078125,0.015625,0.0,0.0,0.0,0.0,0.0,0.0,1.0
301,0.0,8.90625,0.921875,0.0625,0.015625,0.0,0.0,0.0,0.0,0.0,0.0,1.0
302,0.046875,8.671875,0.734375,0.203125,0.0625,0.0,0.0,0.0,0.0,0.0,0.0,1.0
303,0.015625,8.765625,0.8125,0.140625,0.046875,0.0,0.0,0.0,0.0,0.0,0.0,1.0
304,0.015625,8.8125,0.8125,0.1875,0.0,0.0,0.0,0.0,0.0,0.0,0.0,1.0
305,0.046875,8.78125,0.828125,0.140625,0.015625,0.015625,0.0,0.0,0.0,0.0,0.0,1.0
306,0.0,8.8125,0.828125,0.15625,0.015625,0.0,0.0,0.0,0.0,0.0,0.0,1.0
307,0.09375,8.65625,0.671875,0.3125,0.015625,0.0,0.0,0.0,0.0,0.0,0.0,1.0
308,0.09375,8.53125,0.6875,0.203125,0.078125,0.015625,0.015625,0.0,0.0,0.0,0.0,1.0
309,0.0625,8.59375,0.671875,0.265625,0.046875,0.015625,0.0,0.0,0.0,0.0,0.0,1.0
310,0.015625,8.765625,0.765625,0.234375,0.0,0.0,0.0,0.0,0.0,0.0,0.0,1.0
311,0.125,8.59375,0.671875,0.25,0.078125,0.0,0.0,0.0,0.0,0.0,0.0,1.0
312,0.015625,8.890625,0.890625,0.109375,0.0,0.0,0.0,0.0,0.0,0.0,0.0,1.0
313,0.046875,8.71875,0.734375,0.25,0.015625,0.0,0.0,0.0,0.0,0.0,0.0,1.0
314,0.125,8.65625,0.6875,0.28125,0.03125,0.0,0.0,0.0,0.0,0.0,0.0,1.0
315,0.109375,8.421875,0.671875,0.21875,0.03125,0.03125,0.03125,0.015625,0.0,0.0,0.0,1.0
316,0.015625,8.609375,0.6875,0.265625,0.015625,0.03125,0.0,0.0,0.0,0.0,0.0,1.0
317,0.3125,7.03125,0.28125,0.1875,0.125,0.15625,0.203125,0.03125,0.015625,0.0,0.0,1.0
318,0.046875,8.578125,0.65625,0.265625,0.078125,0.0,0.0,0.0,0.0,0.0,0.0,1.0
319,0.0,8.78125,0.78125,0.21875,0.0,0.0,0.0,0.0,0.0,0.0,0.0,1.0
320,0.0625,8.703125,0.78125,0.15625,0.046875,0.015625,0.0,0.0,0.0,0.0,0.0,1.0
321,0.03125,8.78125,0.859375,0.078125,0.046875,0.015625,0.0,0.0,0.0,0.0,0.0,1.0
322,0.140625,8.34375,0.53125,0.328125,0.109375,0.015625,0.015625,0.0,0.0,0.0,0.0,1.0
323,0.046875,8.671875,0.71875,0.25,0.015625,0.015625,0.0,0.0,0.0,0.0,0.0,1.0
324,0.140625,8.359375,0.5625,0.265625,0.140625,0.03125,0.0,0.0,0.0,0.0,0.0,1.0
325,0.015625,8.6875,0.71875,0.25,0.03125,0.0,0.0,0.0,0.0,0.0,0.0,1.0
326,0.09375,8.546875,0.609375,0.328125,0.0625,0.0,0.0,0.0,0.0,0.0,0.0,1.0
327,0.203125,8.328125,0.546875,0.3125,0.0625,0.078125,0.0,0.0,0.0,0.0,0.0,1.0
328,0.09375,8.640625,0.71875,0.234375,0.03125,0.0,0.015625,0.0,0.0,0.0,0.0,1.0
329,0.078125,8.671875,0.734375,0.203125,0.0625,0.0,0.0,0.0,0.0,0.0,0.0,1.0
330,0.109375,8.578125,0.6875,0.21875,0.078125,0.015625,0.0,0.0,0.0,0.0,0.0,1.0
331,0.015625,8.921875,0.921875,0.078125,0.0,0.0,0.0,0.0,0.0,0.0,0.0,1.0
332,0.015625,8.859375,0.859375,0.140625,0.0,0.0,0.0,0.0,0.0,0.0,0.0,1.0
333,0.125,8.53125,0.625,0.28125,0.09375,0.0,0.0,0.0,0.0,0.0,0.0,1.0
334,0.0,8.875,0.890625,0.09375,0.015625,0.0,0.0,0.0,0.0,0.0,0.0,1.0
335,0.0,8.875,0.875,0.125,0.0,0.0,0.0,0.0,0.0,0.0,0.0,1.0
336,0.046875,8.6875,0.71875,0.25,0.03125,0.0,0.0,0.0,0.0,0.0,0.0,1.0
337,0.015625,8.890625,0.890625,0.109375,0.0,0.0,0.0,0.0,0.0,0.0,0.0,1.0
338,0.015625,8.578125,0.65625,0.265625,0.078125,0.0,0.0,0.0,0.0,0.0,0.0,1.0
339,0.0625,8.5,0.609375,0.28125,0.109375,0.0,0.0,0.0,0.0,0.0,0.0,1.0
340,0.125,8.515625,0.65625,0.25,0.0625,0.015625,0.015625,0.0,0.0,0.0,0.0,1.0
341,0.015625,8.78125,0.828125,0.125,0.046875,0.0,0.0,0.0,0.0,0.0,0.0,1.0
342,1.0,1.0,0.0,0.0,0.0,0.0,0.0,0.0,0.0,0.0,1.0,0.0
343,0.171875,8.015625,0.421875,0.3125,0.171875,0.0625,0.015625,0.015625,0.0,0.0,0.0,1.0
344,0.0,8.703125,0.75,0.21875,0.015625,0.015625,0.0,0.0,0.0,0.0,0.0,1.0
345,0.03125,8.65625,0.671875,0.3125,0.015625,0.0,0.0,0.0,0.0,0.0,0.0,1.0
346,0.046875,8.625,0.703125,0.21875,0.078125,0.0,0.0,0.0,0.0,0.0,0.0,1.0
347,0.0,8.8125,0.828125,0.15625,0.015625,0.0,0.0,0.0,0.0,0.0,0.0,1.0
348,0.0625,8.765625,0.78125,0.203125,0.015625,0.0,0.0,0.0,0.0,0.0,0.0,1.0
349,0.0,8.8125,0.8125,0.1875,0.0,0.0,0.0,0.0,0.0,0.0,0.0,1.0
350,0.359375,8.015625,0.546875,0.21875,0.109375,0.03125,0.046875,0.015625,0.03125,0.0,0.0,1.0
351,0.03125,8.59375,0.671875,0.265625,0.046875,0.015625,0.0,0.0,0.0,0.0,0.0,1.0
352,0.015625,8.71875,0.734375,0.25,0.015625,0.0,0.0,0.0,0.0,0.0,0.0,1.0
353,0.03125,8.765625,0.765625,0.234375,0.0,0.0,0.0,0.0,0.0,0.0,0.0,1.0
354,0.015625,8.734375,0.765625,0.203125,0.03125,0.0,0.0,0.0,0.0,0.0,0.0,1.0
355,0.046875,8.65625,0.671875,0.3125,0.015625,0.0,0.0,0.0,0.0,0.0,0.0,1.0
356,0.0,8.828125,0.84375,0.140625,0.015625,0.0,0.0,0.0,0.0,0.0,0.0,1.0
357,0.046875,8.703125,0.734375,0.234375,0.03125,0.0,0.0,0.0,0.0,0.0,0.0,1.0
358,0.0,8.75,0.765625,0.21875,0.015625,0.0,0.0,0.0,0.0,0.0,0.0,1.0
359,0.09375,8.53125,0.65625,0.265625,0.03125,0.046875,0.0,0.0,0.0,0.0,0.0,1.0
360,0.015625,8.6875,0.703125,0.28125,0.015625,0.0,0.0,0.0,0.0,0.0,0.0,1.0
361,0.09375,8.59375,0.65625,0.28125,0.0625,0.0,0.0,0.0,0.0,0.0,0.0,1.0
362,0.046875,8.703125,0.765625,0.1875,0.03125,0.015625,0.0,0.0,0.0,0.0,0.0,1.0
363,0.015625,8.875,0.875,0.125,0.0,0.0,0.0,0.0,0.0,0.0,0.0,1.0
364,0.03125,8.578125,0.65625,0.265625,0.078125,0.0,0.0,0.0,0.0,0.0,0.0,1.0
365,0.171875,8.375,0.65625,0.140625,0.15625,0.015625,0.03125,0.0,0.0,0.0,0.0,1.0
366,0.03125,8.6875,0.71875,0.25,0.03125,0.0,0.0,0.0,0.0,0.0,0.0,1.0
367,0.015625,8.625,0.734375,0.171875,0.078125,0.015625,0.0,0.0,0.0,0.0,0.0,1.0
368,0.015625,8.84375,0.84375,0.15625,0.0,0.0,0.0,0.0,0.0,0.0,0.0,1.0
369,0.0,8.859375,0.859375,0.140625,0.0,0.0,0.0,0.0,0.0,0.0,0.0,1.0
370,0.046875,8.75,0.765625,0.21875,0.015625,0.0,0.0,0.0,0.0,0.0,0.0,1.0
371,0.03125,8.71875,0.8125,0.109375,0.0625,0.015625,0.0,0.0,0.0,0.0,0.0,1.0
372,0.046875,8.84375,0.84375,0.15625,0.0,0.0,0.0,0.0,0.0,0.0,0.0,1.0
373,0.109375,8.53125,0.578125,0.375,0.046875,0.0,0.0,0.0,0.0,0.0,0.0,1.0
374,0.15625,8.546875,0.640625,0.28125,0.0625,0.015625,0.0,0.0,0.0,0.0,0.0,1.0
375,0.015625,8.78125,0.78125,0.21875,0.0,0.0,0.0,0.0,0.0,0.0,0.0,1.0
376,0.078125,8.578125,0.65625,0.28125,0.046875,0.015625,0.0,0.0,0.0,0.0,0.0,1.0
377,0.0,8.796875,0.8125,0.171875,0.015625,0.0,0.0,0.0,0.0,0.0,0.0,1.0
378,0.0625,8.65625,0.6875,0.28125,0.03125,0.0,0.0,0.0,0.0,0.0,0.0,1.0
379,0.0,8.75,0.796875,0.15625,0.046875,0.0,0.0,0.0,0.0,0.0,0.0,1.0
380,0.078125,8.6875,0.75,0.203125,0.03125,0.015625,0.0,0.0,0.0,0.0,0.0,1.0
381,0.015625,8.78125,0.8125,0.15625,0.03125,0.0,0.0,0.0,0.0,0.0,0.0,1.0
382,0.0,8.796875,0.8125,0.171875,0.015625,0.0,0.0,0.0,0.0,0.0,0.0,1.0
383,0.0625,8.765625,0.78125,0.203125,0.015625,0.0,0.0,0.0,0.0,0.0,0.0,1.0
384,0.0,8.765625,0.765625,0.234375,0.0,0.0,0.0,0.0,0.0,0.0,0.0,1.0
385,0.09375,8.578125,0.65625,0.28125,0.046875,0.015625,0.0,0.0,0.0,0.0,0.0,1.0
386,0.046875,8.640625,0.71875,0.203125,0.078125,0.0,0.0,0.0,0.0,0.0,0.0,1.0
387,0.0,8.875,0.90625,0.0625,0.03125,0.0,0.0,0.0,0.0,0.0,0.0,1.0
388,0.0,8.796875,0.84375,0.109375,0.046875,0.0,0.0,0.0,0.0,0.0,0.0,1.0
389,0.0625,8.609375,0.703125,0.21875,0.0625,0.015625,0.0,0.0,0.0,0.0,0.0,1.0
390,0.015625,8.84375,0.859375,0.125,0.015625,0.0,0.0,0.0,0.0,0.0,0.0,1.0
391,0.0,8.71875,0.765625,0.1875,0.046875,0.0,0.0,0.0,0.0,0.0,0.0,1.0
392,0.015625,8.734375,0.78125,0.171875,0.046875,0.0,0.0,0.0,0.0,0.0,0.0,1.0
393,0.03125,8.578125,0.65625,0.28125,0.046875,0.015625,0.0,0.0,0.0,0.0,0.0,1.0
394,0.078125,8.65625,0.703125,0.25,0.046875,0.0,0.0,0.0,0.0,0.0,0.0,1.0
395,0.0,8.890625,0.890625,0.109375,0.0,0.0,0.0,0.0,0.0,0.0,0.0,1.0
396,0.03125,8.828125,0.828125,0.171875,0.0,0.0,0.0,0.0,0.0,0.0,0.0,1.0
397,0.078125,8.640625,0.71875,0.203125,0.078125,0.0,0.0,0.0,0.0,0.0,0.0,1.0
398,0.0,8.828125,0.859375,0.109375,0.03125,0.0,0.0,0.0,0.0,0.0,0.0,1.0
399,0.0625,8.703125,0.734375,0.234375,0.03125,0.0,0.0,0.0,0.0,0.0,0.0,1.0
400,0.09375,8.65625,0.734375,0.203125,0.046875,0.015625,0.0,0.0,0.0,0.0,0.0,1.0
401,0.0,8.875,0.875,0.125,0.0,0.0,0.0,0.0,0.0,0.0,0.0,1.0
402,0.0,8.84375,0.859375,0.125,0.015625,0.0,0.0,0.0,0.0,0.0,0.0,1.0
403,0.046875,8.671875,0.734375,0.203125,0.0625,0.0,0.0,0.0,0.0,0.0,0.0,1.0
404,0.015625,8.828125,0.84375,0.140625,0.015625,0.0,0.0,0.0,0.0,0.0,0.0,1.0
405,0.015625,8.796875,0.796875,0.203125,0.0,0.0,0.0,0.0,0.0,0.0,0.0,1.0
406,0.03125,8.5625,0.640625,0.296875,0.046875,0.015625,0.0,0.0,0.0,0.0,0.0,1.0
407,0.015625,8.6875,0.765625,0.1875,0.015625,0.03125,0.0,0.0,0.0,0.0,0.0,1.0
408,0.03125,8.71875,0.75,0.21875,0.03125,0.0,0.0,0.0,0.0,0.0,0.0,1.0
409,0.0625,8.53125,0.671875,0.234375,0.078125,0.0,0.0,0.015625,0.0,0.0,0.0,1.0
410,0.0,8.859375,0.859375,0.140625,0.0,0.0,0.0,0.0,0.0,0.0,0.0,1.0
411,0.046875,8.578125,0.71875,0.15625,0.109375,0.015625,0.0,0.0,0.0,0.0,0.0,1.0
412,0.015625,8.90625,0.921875,0.0625,0.015625,0.0,0.0,0.0,0.0,0.0,0.0,1.0
413,0.015625,8.796875,0.796875,0.203125,0.0,0.0,0.0,0.0,0.0,0.0,0.0,1.0
414,0.015625,8.8125,0.828125,0.15625,0.015625,0.0,0.0,0.0,0.0,0.0,0.0,1.0
415,0.0,8.8125,0.859375,0.09375,0.046875,0.0,0.0,0.0,0.0,0.0,0.0,1.0
416,0.046875,8.53125,0.640625,0.265625,0.078125,0.015625,0.0,0.0,0.0,0.0,0.0,1.0
417,0.078125,8.65625,0.6875,0.28125,0.03125,0.0,0.0,0.0,0.0,0.0,0.0,1.0
418,0.0,8.9375,0.9375,0.0625,0.0,0.0,0.0,0.0,0.0,0.0,0.0,1.0
419,0.015625,8.890625,0.890625,0.109375,0.0,0.0,0.0,0.0,0.0,0.0,0.0,1.0
420,0.015625,8.734375,0.78125,0.171875,0.046875,0.0,0.0,0.0,0.0,0.0,0.0,1.0
421,0.015625,8.828125,0.84375,0.140625,0.015625,0.0,0.0,0.0,0.0,0.0,0.0,1.0
422,0.15625,8.453125,0.5625,0.375,0.03125,0.015625,0.015625,0.0,0.0,0.0,0.0,1.0
423,0.71875,5.453125,0.0,0.0,0.109375,0.375,0.390625,0.109375,0.015625,0.0,0.0,1.0
424,0.015625,8.84375,0.859375,0.125,0.015625,0.0,0.0,0.0,0.0,0.0,0.0,1.0
425,0.125,8.1875,0.4375,0.359375,0.171875,0.015625,0.015625,0.0,0.0,0.0,0.0,1.0
426,0.296875,8.234375,0.515625,0.328125,0.0625,0.0625,0.03125,0.0,0.0,0.0,0.0,1.0
427,0.015625,8.875,0.875,0.125,0.0,0.0,0.0,0.0,0.0,0.0,0.0,1.0
428,0.078125,8.578125,0.640625,0.3125,0.03125,0.015625,0.0,0.0,0.0,0.0,0.0,1.0
429,0.09375,8.46875,0.59375,0.28125,0.125,0.0,0.0,0.0,0.0,0.0,0.0,1.0
430,0.046875,8.765625,0.78125,0.203125,0.015625,0.0,0.0,0.0,0.0,0.0,0.0,1.0
431,0.046875,8.6875,0.703125,0.28125,0.015625,0.0,0.0,0.0,0.0,0.0,0.0,1.0
432,0.03125,8.671875,0.703125,0.265625,0.03125,0.0,0.0,0.0,0.0,0.0,0.0,1.0
433,0.015625,8.828125,0.84375,0.140625,0.015625,0.0,0.0,0.0,0.0,0.0,0.0,1.0
434,0.03125,8.734375,0.78125,0.171875,0.046875,0.0,0.0,0.0,0.0,0.0,0.0,1.0
435,0.046875,8.84375,0.84375,0.15625,0.0,0.0,0.0,0.0,0.0,0.0,0.0,1.0
436,0.015625,8.875,0.890625,0.09375,0.015625,0.0,0.0,0.0,0.0,0.0,0.0,1.0
437,1.0,1.0,0.0,0.0,0.0,0.0,0.0,0.0,0.0,0.0,1.0,0.0
438,0.015625,8.859375,0.859375,0.140625,0.0,0.0,0.0,0.0,0.0,0.0,0.0,1.0
439,0.078125,8.5,0.609375,0.296875,0.078125,0.015625,0.0,0.0,0.0,0.0,0.0,1.0
440,0.03125,8.75,0.78125,0.1875,0.03125,0.0,0.0,0.0,0.0,0.0,0.0,1.0
441,0.03125,8.78125,0.796875,0.1875,0.015625,0.0,0.0,0.0,0.0,0.0,0.0,1.0
442,0.03125,8.640625,0.75,0.15625,0.078125,0.015625,0.0,0.0,0.0,0.0,0.0,1.0
443,0.0,8.875,0.890625,0.09375,0.015625,0.0,0.0,0.0,0.0,0.0,0.0,1.0
444,0.171875,8.515625,0.59375,0.34375,0.046875,0.015625,0.0,0.0,0.0,0.0,0.0,1.0
445,0.0625,8.6875,0.71875,0.25,0.03125,0.0,0.0,0.0,0.0,0.0,0.0,1.0
446,0.0,8.765625,0.78125,0.203125,0.015625,0.0,0.0,0.0,0.0,0.0,0.0,1.0
447,0.0625,8.671875,0.71875,0.234375,0.046875,0.0,0.0,0.0,0.0,0.0,0.0,1.0
448,0.046875,8.6875,0.75,0.203125,0.03125,0.015625,0.0,0.0,0.0,0.0,0.0,1.0
449,0.109375,8.390625,0.546875,0.328125,0.09375,0.03125,0.0,0.0,0.0,0.0,0.0,1.0
450,0.046875,8.84375,0.84375,0.15625,0.0,0.0,0.0,0.0,0.0,0.0,0.0,1.0
451,0.078125,8.5,0.609375,0.296875,0.078125,0.015625,0.0,0.0,0.0,0.0,0.0,1.0
452,0.1875,8.4375,0.546875,0.34375,0.109375,0.0,0.0,0.0,0.0,0.0,0.0,1.0
453,1.0,1.0,0.0,0.0,0.0,0.0,0.0,0.0,0.0,0.0,1.0,0.0
454,0.0,8.875,0.875,0.125,0.0,0.0,0.0,0.0,0.0,0.0,0.0,1.0
455,0.0,8.78125,0.796875,0.1875,0.015625,0.0,0.0,0.0,0.0,0.0,0.0,1.0
456,0.078125,8.71875,0.75,0.21875,0.03125,0.0,0.0,0.0,0.0,0.0,0.0,1.0
457,0.0625,8.65625,0.71875,0.234375,0.03125,0.015625,0.0,0.0,0.0,0.0,0.0,1.0
458,0.0,8.8125,0.8125,0.1875,0.0,0.0,0.0,0.0,0.0,0.0,0.0,1.0
459,0.09375,8.65625,0.71875,0.21875,0.0625,0.0,0.0,0.0,0.0,0.0,0.0,1.0
460,0.0,8.8125,0.828125,0.15625,0.015625,0.0,0.0,0.0,0.0,0.0,0.0,1.0
461,0.171875,8.5625,0.6875,0.203125,0.09375,0.015625,0.0,0.0,0.0,0.0,0.0,1.0
462,0.203125,8.4375,0.578125,0.3125,0.078125,0.03125,0.0,0.0,0.0,0.0,0.0,1.0
463,0.015625,8.484375,0.578125,0.34375,0.0625,0.015625,0.0,0.0,0.0,0.0,0.0,1.0
464,1.0,1.0,0.0,0.0,0.0,0.0,0.0,0.0,0.0,0.0,1.0,0.0
465,0.171875,8.140625,0.421875,0.375,0.140625,0.046875,0.015625,0.0,0.0,0.0,0.0,1.0
466,1.0,1.0,0.0,0.0,0.0,0.0,0.0,0.0,0.0,0.0,1.0,0.0
467,0.0625,8.734375,0.78125,0.1875,0.015625,0.015625,0.0,0.0,0.0,0.0,0.0,1.0
468,0.03125,8.71875,0.765625,0.203125,0.015625,0.015625,0.0,0.0,0.0,0.0,0.0,1.0
469,0.25,8.0625,0.390625,0.421875,0.109375,0.03125,0.03125,0.015625,0.0,0.0,0.0,1.0
470,0.078125,8.8125,0.828125,0.15625,0.015625,0.0,0.0,0.0,0.0,0.0,0.0,1.0
471,0.0,8.953125,0.953125,0.046875,0.0,0.0,0.0,0.0,0.0,0.0,0.0,1.0
472,0.0625,8.703125,0.703125,0.296875,0.0,0.0,0.0,0.0,0.0,0.0,0.0,1.0
473,0.0625,8.71875,0.796875,0.140625,0.046875,0.015625,0.0,0.0,0.0,0.0,0.0,1.0
474,0.140625,8.421875,0.546875,0.34375,0.09375,0.015625,0.0,0.0,0.0,0.0,0.0,1.0
475,0.046875,8.71875,0.75,0.21875,0.03125,0.0,0.0,0.0,0.0,0.0,0.0,1.0
476,0.09375,8.578125,0.625,0.328125,0.046875,0.0,0.0,0.0,0.0,0.0,0.0,1.0
477,0.015625,8.84375,0.859375,0.125,0.015625,0.0,0.0,0.0,0.0,0.0,0.0,1.0
478,0.0,8.765625,0.78125,0.203125,0.015625,0.0,0.0,0.0,0.0,0.0,0.0,1.0
479,0.03125,8.46875,0.578125,0.3125,0.109375,0.0,0.0,0.0,0.0,0.0,0.0,1.0
480,0.03125,8.578125,0.671875,0.25,0.0625,0.015625,0.0,0.0,0.0,0.0,0.0,1.0
481,0.0,8.796875,0.84375,0.125,0.015625,0.015625,0.0,0.0,0.0,0.0,0.0,1.0
482,0.0625,8.71875,0.75,0.21875,0.03125,0.0,0.0,0.0,0.0,0.0,0.0,1.0
483,0.078125,8.515625,0.6875,0.203125,0.046875,0.0625,0.0,0.0,0.0,0.0,0.0,1.0
484,0.125,8.5,0.625,0.265625,0.09375,0.015625,0.0,0.0,0.0,0.0,0.0,1.0
485,0.03125,8.78125,0.828125,0.140625,0.015625,0.015625,0.0,0.0,0.0,0.0,0.0,1.0
486,0.0,8.828125,0.859375,0.109375,0.03125,0.0,0.0,0.0,0.0,0.0,0.0,1.0
487,0.109375,8.578125,0.65625,0.265625,0.078125,0.0,0.0,0.0,0.0,0.0,0.0,1.0
488,0.078125,8.78125,0.8125,0.171875,0.0,0.015625,0.0,0.0,0.0,0.0,0.0,1.0
489,0.015625,8.75,0.78125,0.1875,0.03125,0.0,0.0,0.0,0.0,0.0,0.0,1.0
490,0.0,8.84375,0.859375,0.125,0.015625,0.0,0.0,0.0,0.0,0.0,0.0,1.0
491,0.0,8.890625,0.90625,0.078125,0.015625,0.0,0.0,0.0,0.0,0.0,0.0,1.0
492,1.0,1.0,0.0,0.0,0.0,0.0,0.0,0.0,0.0,0.0,1.0,0.0
493,0.03125,8.8125,0.828125,0.15625,0.015625,0.0,0.0,0.0,0.0,0.0,0.0,1.0
494,0.0625,8.421875,0.546875,0.34375,0.09375,0.015625,0.0,0.0,0.0,0.0,0.0,1.0
495,0.046875,8.53125,0.640625,0.265625,0.078125,0.015625,0.0,0.0,0.0,0.0,0.0,1.0
496,0.03125,8.78125,0.796875,0.1875,0.015625,0.0,0.0,0.0,0.0,0.0,0.0,1.0
497,0.0625,8.375,0.5,0.375,0.125,0.0,0.0,0.0,0.0,0.0,0.0,1.0
498,0.0,8.765625,0.828125,0.125,0.03125,0.015625,0.0,0.0,0.0,0.0,0.0,1.0
499,0.0,8.953125,0.953125,0.046875,0.0,0.0,0.0,0.0,0.0,0.0,0.0,1.0
500,0.046875,8.578125,0.671875,0.25,0.0625,0.015625,0.0,0.0,0.0,0.0,0.0,1.0
501,0.59375,5.890625,0.140625,0.125,0.078125,0.140625,0.203125,0.28125,0.03125,0.0,0.0,1.0
502,0.015625,8.671875,0.71875,0.234375,0.046875,0.0,0.0,0.0,0.0,0.0,0.0,1.0
503,0.0,8.78125,0.828125,0.125,0.046875,0.0,0.0,0.0,0.0,0.0,0.0,1.0
504,0.0,8.765625,0.78125,0.203125,0.015625,0.0,0.0,0.0,0.0,0.0,0.0,1.0
505,0.03125,8.828125,0.859375,0.109375,0.03125,0.0,0.0,0.0,0.0,0.0,0.0,1.0
506,0.03125,8.765625,0.8125,0.15625,0.015625,0.015625,0.0,0.0,0.0,0.0,0.0,1.0
507,0.046875,8.734375,0.796875,0.15625,0.03125,0.015625,0.0,0.0,0.0,0.0,0.0,1.0
508,0.078125,8.765625,0.796875,0.171875,0.03125,0.0,0.0,0.0,0.0,0.0,0.0,1.0
509,0.046875,8.859375,0.875,0.109375,0.015625,0.0,0.0,0.0,0.0,0.0,0.0,1.0
510,0.0,8.59375,0.671875,0.265625,0.046875,0.015625,0.0,0.0,0.0,0.0,0.0,1.0
511,0.046875,8.734375,0.75,0.234375,0.015625,0.0,0.0,0.0,0.0,0.0,0.0,1.0
